year,eweek,total_cases,avg_temp_max,avg_temp_med,sum_precip_tot,avg_humid,dengue,dengue symptoms,repellent
2010,1,2683,33.94,30.55,2246.99,67.68,24,5,6
2010,2,3352,34.28,30.85,1993.52,66.47,27,9,6
2010,3,4463,34.57,31.12,1661.19,64.87,28,8,0
2010,4,5460,34.81,31.32,1318.85,63.16,37,7,6
2010,5,7695,34.95,31.45,1038.73,61.61,44,10,8
2010,6,9570,34.98,31.48,884.95,60.47,49,14,8
2010,7,11188,34.89,31.4,863.1,59.82,100,19,10
2010,8,16995,34.71,31.24,922.59,59.55,88,18,4
2010,9,17205,34.45,31.0,1000.33,59.5,85,24,4
2010,10,18040,34.14,30.73,1034.93,59.52,83,17,5
2010,11,18546,33.8,30.42,990.53,59.53,76,17,6
2010,12,20164,33.45,30.11,880.63,59.59,78,23,6
2010,13,17472,33.1,29.79,735.52,59.77,84,19,7
2010,14,18202,32.77,29.5,586.66,60.16,91,21,4
2010,15,17710,32.48,29.23,460.56,60.81,68,18,4
2010,16,14155,32.21,28.99,363.55,61.51,71,21,5
2010,17,15403,31.97,28.77,290.25,61.97,68,19,0
2010,18,15730,31.74,28.56,233.51,61.84,67,16,4
2010,19,11276,31.51,28.36,186.86,60.84,51,12,4
2010,20,8975,31.29,28.16,149.15,59.0,44,11,4
2010,21,6768,31.08,27.97,124.26,56.72,38,8,0
2010,22,3689,30.89,27.8,117.76,54.51,28,0,0
2010,23,3493,30.74,27.66,135.34,52.82,26,5,0
2010,24,2352,30.64,27.58,175.88,51.92,23,6,0
2010,25,1995,30.64,27.58,224.21,51.51,15,4,0
2010,26,1520,30.79,27.71,260.0,51.1,15,5,3
2010,27,1239,31.14,28.03,263.26,50.19,12,3,0
2010,28,1207,31.72,28.55,225.79,48.38,9,0,3
2010,29,1229,32.48,29.23,163.35,45.73,10,4,0
2010,30,1175,33.33,29.99,103.18,42.6,12,0,3
2010,31,949,34.13,30.72,64.29,39.38,18,5,0
2010,32,946,34.81,31.33,87.31,36.48,14,0,0
2010,33,775,35.29,31.76,207.35,34.23,17,3,0
2010,34,989,35.58,32.02,381.73,32.85,18,3,3
2010,35,1162,35.72,32.15,563.15,32.55,16,0,5
2010,36,945,35.73,32.16,710.13,33.54,22,6,0
2010,37,1274,35.64,32.07,793.88,35.83,18,4,4
2010,38,1264,35.47,31.93,818.3,38.99,15,5,0
2010,39,907,35.27,31.74,800.84,42.41,13,4,0
2010,40,894,35.05,31.55,760.37,45.45,12,3,4
2010,41,788,34.85,31.37,715.15,47.57,21,0,0
2010,42,1029,34.69,31.22,680.22,48.83,19,0,0
2010,43,1199,34.58,31.12,668.2,49.65,24,4,0
2010,44,1000,34.52,31.07,691.29,50.58,27,4,6
2010,45,1251,34.52,31.07,761.04,52.1,19,4,0
2010,46,1134,34.58,31.12,882.13,54.39,31,6,0
2010,47,1467,34.65,31.19,1049.69,57.16,22,6,0
2010,48,1669,34.7,31.23,1256.02,59.99,21,4,3
2010,49,1672,34.68,31.21,1492.86,62.47,17,5,4
2010,50,1787,34.58,31.12,1745.74,64.29,16,6,4
2010,51,1346,34.4,30.96,1981.27,65.4,18,6,6
2010,52,1359,34.23,30.81,1528.5,65.86,23,8,6
2011,1,2106,34.02,30.62,2231.71,65.88,25,9,7
2011,2,2532,33.9,30.51,2170.1,65.49,29,9,7
2011,3,3157,33.83,30.45,1992.71,64.95,31,11,8
2011,4,3713,33.8,30.42,1764.38,64.58,28,9,7
2011,5,3996,33.76,30.38,1559.02,64.7,40,10,8
2011,6,4977,33.68,30.32,1446.72,65.61,46,11,5
2011,7,5669,33.54,30.19,1453.86,67.35,55,15,6
2011,8,7088,33.36,30.03,1534.77,69.46,52,13,5
2011,9,7191,33.17,29.85,1621.58,71.34,49,15,3
2011,10,6488,32.98,29.68,1646.0,72.4,73,17,6
2011,11,9526,32.81,29.53,1557.17,72.22,91,25,6
2011,12,11283,32.65,29.39,1364.65,70.96,92,23,6
2011,13,12658,32.46,29.21,1108.76,69.1,100,26,4
2011,14,14177,32.2,28.98,833.89,67.14,83,22,9
2011,15,15450,31.84,28.66,582.43,65.56,63,20,7
2011,16,11697,31.39,28.26,383.34,64.48,67,20,4
2011,17,15569,30.89,27.8,236.45,63.77,54,17,3
2011,18,14234,30.37,27.34,140.9,63.2,58,16,4
2011,19,12745,29.9,26.91,109.32,62.56,48,12,3
2011,20,9869,29.5,26.56,136.78,61.71,44,11,2
2011,21,8355,29.21,26.29,196.95,60.65,37,9,2
2011,22,5574,29.04,26.14,259.48,59.46,29,5,2
2011,23,3538,29.01,26.11,294.46,58.2,29,6,2
2011,24,2676,29.14,26.23,279.75,56.89,23,8,2
2011,25,1752,29.45,26.5,224.89,55.49,26,9,2
2011,26,1527,29.94,26.94,157.29,53.88,21,7,2
2011,27,1206,30.62,27.56,107.12,51.93,21,9,2
2011,28,1289,31.49,28.34,101.39,49.56,17,8,3
2011,29,1168,32.51,29.26,140.19,46.81,16,6,2
2011,30,1174,33.57,30.21,197.01,43.96,16,5,2
2011,31,985,34.57,31.11,238.46,41.29,19,6,2
2011,32,1117,35.39,31.85,232.23,39.09,17,5,2
2011,33,1115,35.96,32.37,168.54,37.54,18,5,3
2011,34,986,36.31,32.68,90.11,36.59,17,4,3
2011,35,1164,36.5,32.85,51.6,36.08,19,4,3
2011,36,1082,36.57,32.91,79.67,35.86,20,4,2
2011,37,1499,36.58,32.92,246.51,35.82,21,5,3
2011,38,1623,36.51,32.86,524.06,36.07,18,5,3
2011,39,1857,36.36,32.72,837.66,36.83,21,6,4
2011,40,2048,36.07,32.47,1110.13,38.35,18,5,4
2011,41,1691,35.63,32.07,1269.88,40.85,24,6,2
2011,42,1804,35.07,31.56,1293.32,44.2,28,7,4
2011,43,1876,34.48,31.03,1215.48,47.86,25,5,2
2011,44,1393,33.99,30.59,1086.49,51.21,28,6,4
2011,45,1598,33.71,30.34,956.64,53.62,24,6,4
2011,46,1159,33.7,30.33,868.35,54.72,28,6,4
2011,47,1581,33.86,30.48,844.55,54.82,21,5,4
2011,48,1545,34.04,30.64,900.12,54.5,20,6,3
2011,49,1605,34.08,30.67,1048.69,54.36,20,7,4
2011,50,1916,33.83,30.45,1294.94,54.9,19,7,7
2011,51,1614,33.37,30.03,1596.24,56.05,17,6,5
2011,52,1420,33.21,29.9,2223.52,59.46,71,27,14
2012,1,2125,32.78,29.5,2290.19,59.15,72,30,12
2012,2,1933,32.72,29.45,2045.54,58.49,53,21,14
2012,3,1979,33.29,29.96,1842.05,57.66,55,18,12
2012,4,1959,34.1,30.69,1508.79,56.27,63,23,13
2012,5,2285,34.91,31.42,1137.3,54.85,63,19,21
2012,6,2441,35.46,31.91,818.84,53.95,62,17,19
2012,7,2454,35.58,32.02,621.16,53.93,66,22,18
2012,8,2248,35.33,31.8,543.0,54.71,82,26,20
2012,9,3241,34.88,31.4,552.16,55.99,82,26,11
2012,10,3429,34.42,30.98,612.78,57.45,100,26,12
2012,11,3555,34.1,30.69,690.72,58.8,84,25,9
2012,12,3591,33.92,30.53,762.33,59.91,97,24,8
2012,13,3628,33.76,30.38,812.33,60.8,70,18,8
2012,14,3044,33.47,30.13,827.36,61.49,88,24,10
2012,15,3758,32.92,29.63,795.46,62.04,86,22,10
2012,16,4137,32.07,28.86,722.69,62.5,87,24,6
2012,17,4488,31.05,27.95,643.78,62.97,65,18,5
2012,18,2878,30.07,27.06,602.2,63.54,70,24,6
2012,19,3351,29.31,26.38,640.87,64.31,75,18,5
2012,20,2490,28.91,26.01,783.78,65.31,74,19,5
2012,21,2578,28.86,25.97,990.88,66.27,71,21,6
2012,22,2650,29.06,26.15,1190.14,66.84,50,13,7
2012,23,1738,29.41,26.47,1305.6,66.61,59,15,6
2012,24,2206,29.82,26.84,1270.63,65.25,58,18,6
2012,25,1941,30.19,27.17,1082.96,62.82,46,16,6
2012,26,1808,30.48,27.43,799.76,59.75,44,17,6
2012,27,1583,30.61,27.55,491.29,56.53,36,11,6
2012,28,1083,30.54,27.48,232.62,53.66,27,9,3
2012,29,872,30.28,27.25,107.64,51.4,35,13,6
2012,30,978,30.0,27.0,57.1,49.63,32,12,6
2012,31,946,29.92,26.92,30.57,48.09,38,9,6
2012,32,930,30.21,27.19,23.09,46.5,42,10,6
2012,33,807,31.05,27.94,104.13,44.69,46,10,9
2012,34,806,32.34,29.1,232.17,42.77,45,11,8
2012,35,718,33.87,30.48,365.55,41.05,38,11,8
2012,36,620,35.4,31.86,479.64,39.87,50,13,12
2012,37,801,36.71,33.04,553.52,39.51,45,11,20
2012,38,772,37.66,33.89,582.72,40.04,36,8,7
2012,39,696,38.2,34.38,581.5,41.22,39,8,9
2012,40,748,38.31,34.48,568.56,42.77,31,7,10
2012,41,700,37.97,34.17,562.39,44.41,36,9,9
2012,42,854,37.23,33.5,577.93,45.97,49,12,12
2012,43,913,36.28,32.65,622.41,47.47,47,11,15
2012,44,891,35.37,31.83,700.17,49.02,55,11,13
2012,45,1073,34.77,31.29,815.2,50.74,47,10,14
2012,46,796,34.66,31.2,968.32,52.7,51,11,12
2012,47,1146,34.97,31.47,1146.26,54.85,44,11,11
2012,48,1184,35.43,31.89,1326.77,57.07,36,11,15
2012,49,1261,35.77,32.19,1486.34,59.22,30,9,20
2012,50,1152,35.71,32.14,1602.72,61.15,32,10,17
2012,51,1271,35.21,31.69,1666.11,62.78,37,14,30
2012,52,1262,34.24,30.81,1962.84,63.33,48,18,22
2013,1,1904,34.04,30.64,1683.15,62.89,17,6,7
2013,2,3356,33.17,29.86,1603.09,65.9,17,5,5
2013,3,4226,33.06,29.75,1528.84,66.38,23,7,5
2013,4,6109,33.28,29.95,1448.83,66.62,23,8,5
2013,5,7627,33.69,30.32,1378.64,66.65,25,8,5
2013,6,9041,34.14,30.72,1333.79,66.53,31,12,5
2013,7,8899,34.48,31.03,1325.58,66.29,44,14,6
2013,8,14361,34.64,31.17,1343.57,66.02,56,17,6
2013,9,19867,34.6,31.14,1361.88,65.85,56,16,5
2013,10,24151,34.35,30.91,1351.93,65.9,60,17,5
2013,11,28768,33.88,30.49,1287.32,66.28,66,17,3
2013,12,29760,33.25,29.92,1163.49,66.9,67,20,4
2013,13,24978,32.55,29.29,1005.86,67.38,85,27,6
2013,14,31343,31.91,28.72,848.12,67.29,100,33,5
2013,15,33380,31.48,28.33,723.69,66.21,90,32,4
2013,16,31280,31.3,28.17,655.98,63.96,74,28,3
2013,17,25245,31.31,28.18,639.62,61.14,58,23,3
2013,18,17373,31.37,28.24,656.51,58.68,48,16,2
2013,19,14103,31.34,28.2,687.13,57.54,49,17,2
2013,20,14227,31.07,27.97,713.38,58.51,40,13,3
2013,21,10613,30.59,27.53,725.79,61.3,27,10,2
2013,22,5460,29.99,26.99,721.68,64.8,29,10,2
2013,23,5654,29.42,26.48,699.78,67.72,28,10,2
2013,24,4679,29.0,26.1,658.91,68.82,23,9,2
2013,25,3363,28.8,25.92,599.26,67.56,17,8,2
2013,26,2422,28.84,25.96,523.13,64.47,13,5,2
2013,27,2113,29.09,26.19,433.45,60.4,12,5,2
2013,28,1446,29.55,26.6,333.35,56.21,11,5,2
2013,29,1494,30.18,27.16,228.78,52.58,9,3,2
2013,30,785,30.94,27.84,136.43,49.64,9,3,1
2013,31,820,31.78,28.6,70.77,47.25,11,4,2
2013,32,1034,32.64,29.38,39.09,45.2,11,3,1
2013,33,809,33.49,30.14,62.27,43.35,12,3,1
2013,34,789,34.25,30.82,145.1,41.75,11,3,1
2013,35,689,34.86,31.38,265.22,40.7,10,3,3
2013,36,701,35.28,31.75,399.14,40.51,11,3,3
2013,37,760,35.42,31.87,525.06,41.47,11,3,2
2013,38,838,35.3,31.77,628.71,43.6,10,2,3
2013,39,809,35.01,31.51,709.36,46.44,11,2,2
2013,40,746,34.71,31.24,770.73,49.35,8,2,2
2013,41,754,34.52,31.07,816.89,51.71,11,3,2
2013,42,807,34.55,31.1,851.72,53.03,13,3,4
2013,43,961,34.78,31.3,878.41,53.41,12,3,3
2013,44,914,35.12,31.61,899.81,53.28,13,3,3
2013,45,898,35.46,31.92,918.7,53.11,15,4,6
2013,46,983,35.72,32.14,937.5,53.33,17,4,4
2013,47,1116,35.84,32.25,956.13,54.05,14,3,4
2013,48,1298,35.84,32.26,971.77,55.06,11,3,5
2013,49,1271,35.75,32.18,981.1,56.05,10,3,5
2013,50,1409,35.6,32.04,980.79,56.74,9,3,4
2013,51,1426,35.43,31.88,968.84,56.91,10,4,7
2013,52,923,35.29,31.75,945.9,56.48,10,4,8
2014,1,2265,35.85,32.26,1125.7,55.02,8,3,7
2014,2,1478,35.37,31.83,873.55,53.81,9,3,5
2014,3,1811,35.7,32.13,828.97,51.63,11,3,4
2014,4,2214,36.15,32.53,788.58,49.34,11,3,6
2014,5,2844,36.55,32.89,764.71,47.62,12,4,6
2014,6,3320,36.74,33.07,770.22,47.17,14,4,5
2014,7,4511,36.56,32.9,815.97,48.62,17,5,3
2014,8,5769,35.99,32.39,895.66,51.91,17,6,3
2014,9,6342,35.2,31.68,983.04,56.22,17,6,3
2014,10,5773,34.39,30.95,1046.78,60.5,24,7,3
2014,11,8600,33.75,30.37,1056.28,63.76,33,10,4
2014,12,11281,33.41,30.07,994.84,65.32,38,11,2
2014,13,16032,33.28,29.95,879.31,65.39,47,15,4
2014,14,20222,33.22,29.9,739.66,64.52,84,29,5
2014,15,27759,33.08,29.77,607.03,63.26,78,29,5
2014,16,28446,32.71,29.44,507.72,62.14,100,36,4
2014,17,33767,32.14,28.93,443.81,61.34,99,33,7
2014,18,29922,31.5,28.35,400.55,60.84,97,35,6
2014,19,28594,30.91,27.81,360.36,60.57,75,27,3
2014,20,23704,30.51,27.45,307.67,60.47,60,22,2
2014,21,19872,30.34,27.31,240.99,60.46,45,13,2
2014,22,14963,30.35,27.32,172.99,60.43,33,10,1
2014,23,10799,30.45,27.41,122.24,60.27,28,10,2
2014,24,8247,30.55,27.49,109.87,59.87,23,9,1
2014,25,5632,30.58,27.53,150.31,59.12,21,7,2
2014,26,5870,30.62,27.56,221.97,57.93,16,6,2
2014,27,4103,30.76,27.68,291.27,56.18,12,5,1
2014,28,3031,31.11,28.0,324.4,53.78,11,4,1
2014,29,3096,31.74,28.56,294.28,50.68,12,4,1
2014,30,2499,32.6,29.34,213.47,47.13,11,3,1
2014,31,2163,33.52,30.17,126.17,43.59,12,4,1
2014,32,1979,34.31,30.88,82.67,40.56,11,4,1
2014,33,1722,34.8,31.32,121.91,38.54,9,3,2
2014,34,1754,34.94,31.44,259.52,37.69,10,3,2
2014,35,1671,34.92,31.42,446.03,37.68,11,3,2
2014,36,1545,34.96,31.47,614.83,38.05,10,3,3
2014,37,1741,35.32,31.79,700.55,38.34,10,3,2
2014,38,1756,36.13,32.52,661.51,38.22,11,3,2
2014,39,1724,37.2,33.48,532.8,37.87,10,3,2
2014,40,1824,38.19,34.37,386.37,37.67,10,3,2
2014,41,1883,38.74,34.86,298.71,38.06,11,3,6
2014,42,1983,38.52,34.67,336.88,39.39,13,4,4
2014,43,2047,37.58,33.82,506.38,41.7,13,3,5
2014,44,1895,36.23,32.6,757.87,44.7,15,3,4
2014,45,1947,34.86,31.37,1030.53,48.04,14,3,4
2014,46,2071,33.83,30.45,1265.01,51.36,14,3,3
2014,47,1838,33.38,30.04,1422.22,54.34,12,3,4
2014,48,2081,33.46,30.11,1498.83,56.7,10,3,4
2014,49,2127,33.94,30.54,1503.13,58.16,10,3,5
2014,50,2307,34.67,31.21,1444.41,58.47,9,3,4
2014,51,2508,35.53,31.98,1335.58,57.53,9,3,6
2014,52,1784,36.36,32.72,1203.04,55.82,12,4,8
2015,1,1102,37.13,33.42,603.66,53.85,6,2,3
2015,2,6105,37.33,33.59,1002.23,53.4,8,2,3
2015,3,8314,37.19,33.47,999.28,54.28,9,3,3
2015,4,13075,36.6,32.94,1074.19,56.85,14,4,2
2015,5,20782,35.74,32.16,1201.11,60.43,19,5,3
2015,6,26978,34.79,31.31,1347.67,64.14,29,7,4
2015,7,34998,33.95,30.55,1481.78,67.16,31,9,4
2015,8,32718,33.34,30.01,1576.06,68.96,48,12,6
2015,9,50509,32.96,29.66,1612.91,69.66,67,16,9
2015,10,60989,32.73,29.46,1578.21,69.58,75,19,11
2015,11,72129,32.6,29.34,1458.62,69.07,86,21,11
2015,12,78028,32.5,29.25,1249.64,68.45,100,25,11
2015,13,80611,32.39,29.15,985.06,67.91,85,22,10
2015,14,61325,32.24,29.02,721.66,67.58,68,20,6
2015,15,69244,32.02,28.82,519.81,67.56,92,25,8
2015,16,69426,31.7,28.53,433.94,67.95,76,22,7
2015,17,56315,31.3,28.17,468.14,68.67,68,19,4
2015,18,52733,30.87,27.78,568.56,69.47,62,16,3
2015,19,46808,30.45,27.41,667.08,70.05,45,13,2
2015,20,35334,30.12,27.11,697.09,70.11,37,11,2
2015,21,23777,29.9,26.91,622.02,69.49,30,10,1
2015,22,17867,29.79,26.81,475.92,68.29,19,6,1
2015,23,10556,29.74,26.77,320.33,66.72,18,5,1
2015,24,10420,29.72,26.75,218.76,65.01,14,4,1
2015,25,7387,29.71,26.74,221.71,63.35,9,3,1
2015,26,5311,29.73,26.76,314.95,61.8,7,2,1
2015,27,4230,29.85,26.87,440.26,60.29,5,1,1
2015,28,2335,30.14,27.13,531.81,58.74,6,2,1
2015,29,2681,30.67,27.6,529.17,57.1,5,1,1
2015,30,2418,31.43,28.29,424.01,55.3,5,1,1
2015,31,2265,32.35,29.11,276.19,53.36,5,1,1
2015,32,1938,33.32,29.99,159.6,51.28,6,2,1
2015,33,1756,34.24,30.82,147.7,49.09,5,1,1
2015,34,1856,35.05,31.54,289.49,46.84,5,1,1
2015,35,1501,35.72,32.15,537.57,44.69,5,1,1
2015,36,1510,36.3,32.67,806.88,42.88,5,1,1
2015,37,1166,36.8,33.12,1009.51,41.64,5,1,1
2015,38,1711,37.25,33.52,1072.61,41.19,5,1,2
2015,39,2055,37.61,33.85,1008.15,41.63,5,1,2
2015,40,2005,37.83,34.04,893.48,43.06,5,1,2
2015,41,2160,37.82,34.04,818.21,45.51,5,1,2
2015,42,2207,37.53,33.77,866.7,49.01,5,1,2
2015,43,2534,36.95,33.25,1064.87,53.36,6,1,1
2015,44,2293,36.22,32.6,1350.78,57.99,7,1,1
2015,45,2450,35.48,31.93,1636.79,62.2,8,2,2
2015,46,3157,34.88,31.39,1835.46,65.34,8,2,3
2015,47,3432,34.54,31.09,1887.42,66.92,10,2,5
2015,48,4138,34.43,30.98,1822.26,67.1,15,3,11
2015,49,4966,34.44,31.0,1711.63,66.35,19,4,20
2015,50,5940,34.49,31.04,1632.19,65.15,17,4,16
2015,51,7012,34.48,31.03,1650.48,63.96,16,4,11
2015,52,5501,34.41,30.97,1767.67,62.99,20,5,8
2015,53,5012,34.33,30.9,1082.2,62.38,31,9,9
2016,1,13382,34.28,30.85,2064.1,61.66,27,8,7
2016,2,14726,34.35,30.92,2111.07,61.22,29,7,7
2016,3,17798,34.55,31.1,2039.53,60.93,36,8,10
2016,4,19557,34.8,31.32,1881.15,60.86,42,9,19
2016,5,22275,34.98,31.48,1687.01,61.14,55,13,15
2016,6,22223,34.99,31.49,1508.82,61.88,88,17,13
2016,7,28311,34.76,31.28,1385.16,63.09,100,19,10
2016,8,30204,34.37,30.93,1306.3,64.48,86,18,7
2016,9,30428,33.96,30.56,1237.05,65.59,84,18,7
2016,10,31266,33.7,30.33,1138.79,65.92,72,16,5
2016,11,30217,33.73,30.36,978.2,65.06,57,15,5
2016,12,25951,34.03,30.63,761.27,63.1,62,16,5
2016,13,27789,34.4,30.96,532.87,60.6,66,16,5
2016,14,23430,34.63,31.17,346.64,58.27,50,13,5
2016,15,20557,34.49,31.04,255.6,56.77,34,10,4
2016,16,15680,33.88,30.49,288.93,56.47,28,7,3
2016,17,14549,32.9,29.61,406.11,57.12,23,5,1
2016,18,11383,31.71,28.54,567.89,58.29,20,4,2
2016,19,7619,30.5,27.45,732.44,59.51,18,4,1
2016,20,5813,29.44,26.49,857.02,60.37,14,3,1
2016,21,3581,28.61,25.75,921.54,60.72,13,3,1
2016,22,3275,28.08,25.27,920.11,60.54,10,2,1
2016,23,2320,27.92,25.13,849.25,59.84,9,2,1
2016,24,1760,28.16,25.34,707.88,58.66,7,2,1
2016,25,1387,28.77,25.89,515.45,57.09,6,2,1
2016,26,1231,29.62,26.66,314.46,55.34,5,1,1
2016,27,1284,30.57,27.51,153.06,53.63,5,1,1
2016,28,1043,31.45,28.31,78.64,52.19,4,1,1
2016,29,774,32.18,28.96,113.88,51.12,5,1,1
2016,30,835,32.74,29.47,220.58,50.24,6,1,1
2016,31,880,33.17,29.85,349.06,49.27,5,1,1
2016,32,855,33.51,30.16,443.29,47.94,5,1,1
2016,33,907,33.8,30.42,457.6,46.04,6,1,1
2016,34,785,34.07,30.67,401.25,43.83,6,1,2
2016,35,949,34.39,30.95,319.73,41.87,5,1,2
2016,36,772,34.79,31.31,264.63,40.76,6,2,3
2016,37,1200,35.32,31.79,283.68,41.06,6,1,2
2016,38,1042,35.94,32.34,389.33,42.85,5,1,2
2016,39,1112,36.52,32.87,548.17,45.6,5,1,2
2016,40,1132,36.9,33.21,714.65,48.62,5,1,2
2016,41,1145,36.93,33.24,843.69,51.24,8,2,6
2016,42,1856,36.54,32.89,905.21,52.99,8,2,3
2016,43,1762,35.85,32.27,909.08,53.97,8,2,3
2016,44,1652,35.09,31.58,882.06,54.51,9,2,4
2016,45,2190,34.47,31.02,852.64,54.99,9,2,3
2016,46,1894,34.18,30.77,847.79,55.73,9,2,4
2016,47,2193,34.24,30.82,885.62,56.85,9,2,4
2016,48,2343,34.51,31.06,977.54,58.3,7,2,4
2016,49,2174,34.82,31.33,1133.71,60.01,7,2,4
2016,50,2162,35.01,31.51,1361.56,61.9,6,2,4
2016,51,1826,35.02,31.52,1640.15,63.8,8,3,9
2016,52,1913,34.9,31.41,1621.0,65.34,61,19,48
2017,1,2285,34.71,31.24,2086.27,66.45,74,21,56
2017,2,2265,34.56,31.11,2105.44,66.54,61,16,37
2017,3,2047,34.51,31.06,1921.91,65.55,77,20,35
2017,4,2477,34.55,31.09,1590.39,63.84,85,24,38
2017,5,2687,34.62,31.16,1210.73,62.0,88,26,40
2017,6,2761,34.67,31.2,887.94,60.66,100,27,46
2017,7,2963,34.65,31.19,714.16,60.36,96,24,37
2017,8,2835,34.55,31.1,700.34,61.07,76,22,27
2017,9,2318,34.38,30.95,788.0,62.3,89,21,21
2017,10,2791,34.16,30.75,904.56,63.46,95,21,20
2017,11,2816,33.91,30.52,980.1,63.99,82,17,19
2017,12,2506,33.63,30.26,979.27,63.67,82,19,18
2017,13,2360,33.29,29.97,925.14,62.86,77,16,15
2017,14,2308,32.9,29.61,859.19,62.07,49,14,17
2017,15,1919,32.4,29.16,823.34,61.85,50,13,15
2017,16,1883,31.81,28.63,847.12,62.59,47,11,10
2017,17,1669,31.18,28.07,915.46,64.06,40,10,10
2017,18,1397,30.62,27.56,990.09,65.79,43,9,10
2017,19,1403,30.22,27.2,1029.68,67.22,49,11,9
2017,20,1311,30.07,27.06,997.19,67.86,44,9,10
2017,21,1200,30.13,27.12,886.3,67.52,43,10,10
2017,22,1245,30.27,27.24,720.63,66.27,39,9,10
2017,23,1137,30.31,27.28,530.49,64.28,30,6,9
2017,24,718,30.1,27.09,348.35,61.69,34,9,9
2017,25,911,29.61,26.64,212.01,58.7,32,9,10
2017,26,767,29.0,26.1,116.85,55.59,20,6,7
2017,27,541,28.58,25.72,56.38,52.64,21,7,9
2017,28,622,28.59,25.73,33.06,50.17,18,5,7
2017,29,544,29.25,26.32,89.16,48.37,21,5,11
2017,30,614,30.43,27.38,195.79,47.12,23,6,9
2017,31,549,31.83,28.65,305.85,46.07,28,5,9
2017,32,617,33.14,29.83,377.37,44.85,29,7,10
2017,33,646,34.06,30.65,374.31,43.14,25,6,11
2017,34,708,34.5,31.05,299.37,40.97,32,8,14
2017,35,935,34.64,31.18,198.33,38.78,31,8,20
2017,36,867,34.7,31.23,125.66,37.09,40,12,28
2017,37,1306,34.9,31.41,131.91,36.42,41,10,29
2017,38,1532,35.36,31.83,252.31,37.02,43,11,21
2017,39,1648,35.97,32.37,462.13,38.57,42,11,20
2017,40,1786,36.52,32.87,716.51,40.53,36,11,27
2017,41,1617,36.82,33.14,969.6,42.35,51,13,28
2017,42,2113,36.7,33.03,1180.89,43.59,73,13,29
2017,43,1799,36.21,32.58,1334.92,44.3,48,11,26
2017,44,1475,35.49,31.94,1432.71,44.89,55,11,22
2017,45,1808,34.77,31.29,1478.07,45.79,54,12,26
2017,46,1606,34.2,30.78,1476.0,47.44,50,13,23
2017,47,1562,33.89,30.5,1442.04,49.92,55,13,22
2017,48,1652,33.8,30.42,1405.31,52.92,40,12,27
2017,49,1747,33.87,30.49,1398.19,56.01,38,12,33
2017,50,1825,34.06,30.65,1452.11,58.77,36,13,44
2017,51,1563,34.29,30.86,1578.6,60.87,41,16,48
2017,52,1334,34.54,31.09,2023.57,62.71,48,18,40
2018,1,1683,34.86,31.38,1994.76,62.05,32,11,31
2018,2,1829,34.68,31.22,1908.97,62.88,52,13,100
2018,3,2559,34.55,31.09,1807.65,62.26,44,13,95
2018,4,2511,34.29,30.86,1583.28,61.3,34,10,53
2018,5,2535,34.02,30.62,1304.64,60.42,33,9,49
2018,6,2322,33.84,30.46,1049.85,60.06,28,9,28
2018,7,1773,33.87,30.49,892.4,60.62,36,9,22
2018,8,2278,34.11,30.7,857.44,62.12,33,8,20
2018,9,2230,34.43,30.99,900.61,64.04,33,9,18
2018,10,2166,34.65,31.18,957.63,65.69,34,8,20
2018,11,2188,34.59,31.13,964.4,66.42,32,7,17
2018,12,2113,34.15,30.73,876.85,65.76,26,8,16
2018,13,1868,33.43,30.09,711.59,64.01,30,7,14
2018,14,2039,32.64,29.37,512.84,61.76,32,8,14
2018,15,2152,31.98,28.78,328.25,59.66,24,5,9
2018,16,1814,31.64,28.47,200.86,58.25,24,6,10
2018,17,1909,31.62,28.46,140.39,57.64,23,6,9
2018,18,1721,31.8,28.62,125.71,57.5,23,5,9
2018,19,1804,32.0,28.79,137.27,57.42,22,5,7
2018,20,1827,32.06,28.85,153.53,57.03,18,5,5
2018,21,1296,31.91,28.72,160.21,56.13,13,3,5
2018,22,1039,31.62,28.46,154.93,54.83,15,3,4
2018,23,1045,31.31,28.17,138.02,53.36,17,4,5
2018,24,1184,31.08,27.97,111.86,51.92,16,5,6
2018,25,1031,31.04,27.93,88.04,50.71,13,4,7
2018,26,1052,31.16,28.04,76.44,49.77,13,4,7
2018,27,910,31.37,28.23,77.04,49.11,10,3,6
2018,28,622,31.61,28.45,90.45,48.69,11,3,9
2018,29,727,31.83,28.65,143.52,48.48,11,3,8
2018,30,678,32.01,28.81,235.71,48.38,12,3,8
2018,31,701,32.23,29.0,340.53,48.2,11,2,6
2018,32,573,32.55,29.3,432.34,47.76,12,3,5
2018,33,633,33.06,29.75,488.21,46.88,16,4,7
2018,34,734,33.75,30.38,500.84,45.59,14,3,9
2018,35,713,34.52,31.07,492.7,44.36,13,3,9
2018,36,581,35.23,31.71,496.38,43.82,16,3,9
2018,37,654,35.71,32.14,544.74,44.55,17,3,8
2018,38,712,35.85,32.27,661.52,47.0,17,4,15
2018,39,909,35.69,32.12,833.52,50.8,16,3,12
2018,40,914,35.33,31.8,1026.47,55.16,14,3,9
2018,41,781,34.89,31.4,1202.96,59.24,21,5,12
2018,42,1126,34.49,31.05,1328.21,62.23,20,4,12
2018,43,1063,34.22,30.79,1388.13,63.78,21,5,14
2018,44,1066,34.08,30.67,1391.08,64.08,27,5,14
2018,45,1233,34.09,30.68,1350.72,63.4,27,7,23
2018,46,1232,34.27,30.84,1280.94,62.03,23,5,15
2018,47,1523,34.6,31.14,1194.6,60.26,31,7,15
2018,48,1704,35.02,31.52,1102.61,58.41,23,6,19
2018,49,1984,35.46,31.91,1015.15,56.8,24,6,24
2018,50,2340,35.84,32.25,942.28,55.73,25,8,40
2018,51,2546,36.1,32.49,893.46,55.44,27,9,28
2018,52,2362,36.25,32.62,875.27,55.79,29,9,29
2019,1,4383,35.95,32.36,1153.51,56.41,17,5,15
2019,2,5037,36.5,32.85,949.47,56.89,17,5,13
2019,3,6285,36.74,33.06,1049.22,56.85,24,6,16
2019,4,8814,37.05,33.34,1181.45,56.26,33,8,15
2019,5,12324,37.31,33.58,1319.85,55.53,35,9,10
2019,6,14933,37.38,33.65,1433.72,55.19,46,10,9
2019,7,17486,37.12,33.41,1493.13,55.74,56,14,10
2019,8,20106,36.47,32.82,1480.13,57.45,51,14,10
2019,9,19993,35.54,31.98,1407.59,59.92,53,17,10
2019,10,18445,34.53,31.08,1300.87,62.54,56,17,11
2019,11,23163,33.67,30.3,1186.49,64.64,59,18,10
2019,12,26602,33.12,29.81,1087.47,65.67,74,22,11
2019,13,31724,32.89,29.6,1008.19,65.62,73,22,10
2019,14,35232,32.86,29.57,939.5,64.9,66,21,8
2019,15,36913,32.88,29.59,869.75,63.98,73,23,8
2019,16,36654,32.82,29.54,788.02,63.31,99,30,10
2019,17,46436,32.61,29.34,690.62,63.08,100,31,9
2019,18,42134,32.28,29.05,584.14,63.13,98,29,9
2019,19,44706,31.9,28.71,478.04,63.19,100,28,7
2019,20,45286,31.53,28.38,381.87,63.01,90,27,6
2019,21,39798,31.22,28.09,303.96,62.39,73,23,5
2019,22,30408,30.95,27.86,247.91,61.38,52,17,3
2019,23,20186,30.72,27.65,214.21,60.13,47,17,3
2019,24,18879,30.49,27.44,205.64,58.8,48,15,5
2019,25,12873,30.24,27.21,222.37,57.53,41,15,4
2019,26,13729,30.02,27.02,255.9,56.36,29,9,4
2019,27,9356,29.93,26.93,290.92,55.28,16,4,3
2019,28,5305,30.07,27.06,310.9,54.21,14,4,3
2019,29,4735,30.54,27.48,300.37,53.13,16,6,3
2019,30,4274,31.36,28.22,257.0,51.95,13,4,3
2019,31,3393,32.43,29.18,199.69,50.62,14,4,3
2019,32,3087,33.61,30.25,153.8,49.04,16,4,4
2019,33,2647,34.77,31.29,144.52,47.16,13,3,3
2019,34,2390,35.78,32.2,188.42,44.94,12,3,4
2019,35,2270,36.59,32.94,272.06,42.66,11,3,4
2019,36,1995,37.18,33.46,367.11,40.64,15,5,9
2019,37,2475,37.53,33.78,443.29,39.28,16,5,9
2019,38,2814,37.63,33.87,474.35,38.9,12,3,4
2019,39,2420,37.53,33.78,461.77,39.54,13,4,7
2019,40,2617,37.31,33.58,432.84,40.97,11,3,6
2019,41,2514,37.09,33.38,420.44,42.86,13,3,9
2019,42,2755,36.94,33.25,456.17,44.93,15,4,6
2019,43,2416,36.93,33.23,554.51,46.98,13,3,14
2019,44,2631,36.96,33.27,697.93,48.97,15,4,11
2019,45,2919,36.94,33.24,858.2,50.9,14,3,7
2019,46,2629,36.74,33.07,1006.59,52.8,15,4,7
2019,47,3035,36.3,32.67,1119.68,54.65,13,3,6
2019,48,3186,35.68,32.11,1195.11,56.3,13,3,7
2019,49,3330,35.05,31.55,1242.25,57.52,12,3,7
2019,50,3755,34.57,31.12,1272.28,58.09,13,4,11
2019,51,4126,34.39,30.95,1296.44,57.82,16,5,14
2019,52,3570,34.52,31.07,1326.2,56.9,19,6,13
2020,1,3673,34.87,31.38,986.55,55.79,27,8,17
2020,2,8507,35.14,31.62,1449.82,55.54,37,10,17
2020,3,11767,35.29,31.77,1566.22,56.42,40,10,12
2020,4,15377,35.21,31.69,1717.54,58.81,47,11,15
2020,5,18443,34.92,31.43,1864.95,62.08,53,13,12
2020,6,22446,34.55,31.1,1957.2,65.3,68,17,11
2020,7,26045,34.21,30.79,1942.66,67.49,76,22,16
2020,8,27001,33.99,30.59,1783.06,67.91,68,19,8
2020,9,20792,33.9,30.51,1500.94,66.68,74,17,8
2020,10,24632,33.91,30.52,1157.06,64.5,96,22,9
2020,11,23851,33.97,30.57,818.46,62.16,100,24,7
2020,12,17393,34.04,30.63,548.21,60.4,81,17,4
2020,13,12683,34.06,30.65,373.98,59.51,59,16,5
2020,14,13750,33.99,30.59,277.31,59.23,58,11,4
2020,15,10997,33.77,30.4,229.8,59.19,50,11,4
2020,16,13125,33.36,30.03,205.37,58.97,45,10,4
2020,17,10867,32.75,29.48,185.2,58.36,44,12,5
2020,18,10286,32.04,28.83,171.82,57.5,39,8,3
2020,19,9959,31.34,28.21,171.87,56.66,37,8,3
2020,20,8933,30.8,27.72,197.32,56.17,32,7,3
2020,21,7353,30.53,27.48,258.51,56.25,25,6,3
2020,22,4642,30.52,27.47,341.85,56.81,22,5,3
2020,23,4825,30.66,27.59,420.02,57.51,24,6,3
2020,24,4493,30.83,27.75,463.61,57.94,23,7,4
2020,25,5047,30.93,27.84,445.77,57.76,23,6,4
2020,26,4650,30.92,27.82,364.37,56.83,17,4,3
2020,27,3540,30.85,27.77,250.35,55.35,19,5,4
2020,28,3519,30.85,27.76,144.4,53.6,16,5,4
2020,29,3440,30.98,27.88,87.12,51.87,15,4,5
2020,30,3125,31.33,28.19,104.74,50.34,14,4,5
2020,31,2585,31.91,28.71,176.04,48.94,12,3,4
2020,32,2128,32.69,29.42,262.55,47.5,17,3,5
2020,33,2231,33.67,30.3,323.79,45.82,11,3,4
2020,34,1711,34.82,31.33,326.24,43.73,9,2,4
2020,35,1587,36.06,32.45,276.87,41.32,11,3,7
2020,36,1733,37.31,33.58,203.77,38.89,11,3,11
2020,37,1712,38.48,34.63,140.58,36.74,13,3,15
2020,38,1976,39.46,35.51,131.95,35.19,16,2,8
2020,39,1761,40.18,36.16,198.09,34.37,14,3,17
2020,40,1893,40.6,36.54,309.09,34.16,11,2,14
2020,41,1857,40.69,36.62,425.51,34.36,10,2,10
2020,42,1546,40.44,36.39,509.2,34.77,11,2,7
2020,43,1780,39.83,35.85,535.94,35.28,11,2,9
2020,44,1552,38.98,35.08,528.11,36.11,10,2,5
2020,45,1459,38.01,34.21,531.01,37.65,13,3,8
2020,46,1776,37.1,33.38,592.77,40.3,11,3,8
2020,47,1774,36.35,32.72,754.18,44.36,13,3,8
2020,48,1956,35.83,32.24,1006.24,49.6,13,4,12
2020,49,2168,35.47,31.92,1294.48,55.25,13,4,9
2020,50,2037,35.21,31.69,1554.8,60.46,13,4,13
2020,51,2265,34.98,31.49,1725.16,64.38,15,5,13
2020,52,1751,34.75,31.28,1772.09,66.54,18,7,14
2020,53,1495,34.58,31.12,990.78,67.1,37,14,26
2021,1,1941,34.35,30.92,1585.95,66.46,34,12,27
2021,2,3377,34.24,30.81,1424.83,65.02,35,12,27
2021,3,4224,34.2,30.78,1263.37,63.19,38,14,28
2021,4,5021,34.25,30.82,1120.02,61.34,41,13,27
2021,5,6291,34.34,30.9,1005.51,59.85,46,14,15
2021,6,7807,34.44,31.0,929.23,59.05,54,16,14
2021,7,9609,34.53,31.07,898.51,59.27,65,19,16
2021,8,11609,34.57,31.11,904.21,60.4,75,22,13
2021,9,13622,34.54,31.08,920.16,61.94,79,26,13
2021,10,14519,34.41,30.97,916.3,63.26,87,29,16
2021,11,15318,34.17,30.75,863.6,63.77,99,32,20
2021,12,17065,33.8,30.42,748.83,63.12,100,35,15
2021,13,16544,33.35,30.02,592.15,61.52,94,29,11
2021,14,22058,32.89,29.6,425.75,59.32,96,28,11
2021,15,21091,32.47,29.23,282.97,56.95,95,26,8
2021,16,19163,32.15,28.94,195.88,54.76,86,24,8
2021,17,18986,31.92,28.73,160.52,53.02,80,21,8
2021,18,16713,31.75,28.58,157.57,51.93,74,20,8
2021,19,14394,31.6,28.44,174.54,51.65,60,17,7
2021,20,12765,31.42,28.27,204.78,52.33,56,16,6
2021,21,10081,31.2,28.08,234.09,53.73,51,15,7
2021,22,7692,30.96,27.86,254.51,55.2,44,14,6
2021,23,7599,30.73,27.65,260.92,55.95,35,10,6
2021,24,5981,30.53,27.48,248.51,55.25,30,8,6
2021,25,4878,30.4,27.36,216.4,52.7,21,6,5
2021,26,3195,30.38,27.34,173.08,48.85,18,5,5
2021,27,2776,30.51,27.46,130.79,44.58,18,6,6
2021,28,2958,30.86,27.77,102.05,40.81,15,4,5
2021,29,2117,31.45,28.31,97.9,38.33,13,4,5
2021,30,1774,32.28,29.05,110.67,37.16,11,2,4
2021,31,1607,33.3,29.97,125.79,36.84,13,3,5
2021,32,1776,34.45,31.0,128.82,36.78,14,4,8
2021,33,1977,35.68,32.11,109.44,36.47,18,4,10
2021,34,2054,36.89,33.2,81.95,35.8,15,4,9
2021,35,1796,37.93,34.13,66.17,35.22,14,3,12
2021,36,1625,38.62,34.76,83.26,35.33,18,4,14
2021,37,1907,38.82,34.94,189.89,36.74,18,5,16
2021,38,1987,38.44,34.6,429.78,39.72,19,4,16
2021,39,1987,37.64,33.88,744.22,43.6,15,3,11
2021,40,1636,36.68,33.01,1051.85,47.34,12,3,9
2021,41,1583,35.83,32.24,1273.26,49.84,17,2,9
2021,42,1792,35.32,31.79,1341.74,50.19,17,3,10
2021,43,1642,35.18,31.66,1264.63,48.57,16,4,12
2021,44,1669,35.28,31.76,1107.77,45.98,21,4,13
2021,45,1827,35.46,31.91,948.25,43.63,18,4,13
2021,46,2045,35.54,31.99,859.43,42.62,20,4,14
2021,47,2239,35.47,31.92,872.21,43.39,20,5,18
2021,48,2700,35.29,31.76,951.68,45.24,18,5,14
2021,49,3006,35.1,31.59,1043.37,47.17,20,7,21
2021,50,3132,35.0,31.5,779.88,48.16,19,6,19
