year,eweek,dengue,dengue symptoms,repellent
2010,1,24,5,6
2010,2,27,9,6
2010,3,28,8,0
2010,4,37,7,6
2010,5,44,10,8
2010,6,49,14,8
2010,7,100,19,10
2010,8,88,18,4
2010,9,85,24,4
2010,10,83,17,5
2010,11,76,17,6
2010,12,78,23,6
2010,13,84,19,7
2010,14,91,21,4
2010,15,68,18,4
2010,16,71,21,5
2010,17,68,19,0
2010,18,67,16,4
2010,19,51,12,4
2010,20,44,11,4
2010,21,38,8,0
2010,22,28,0,0
2010,23,26,5,0
2010,24,23,6,0
2010,25,15,4,0
2010,26,15,5,3
2010,27,12,3,0
2010,28,9,0,3
2010,29,10,4,0
2010,30,12,0,3
2010,31,18,5,0
2010,32,14,0,0
2010,33,17,3,0
2010,34,18,3,3
2010,35,16,0,5
2010,36,22,6,0
2010,37,18,4,4
2010,38,15,5,0
2010,39,13,4,0
2010,40,12,3,4
2010,41,21,0,0
2010,42,19,0,0
2010,43,24,4,0
2010,44,27,4,6
2010,45,19,4,0
2010,46,31,6,0
2010,47,22,6,0
2010,48,21,4,3
2010,49,17,5,4
2010,50,16,6,4
2010,51,18,6,6
2010,52,23,8,6
2011,1,25,9,7
2011,2,29,9,7
2011,3,31,11,8
2011,4,28,9,7
2011,5,40,10,8
2011,6,46,11,5
2011,7,55,15,6
2011,8,52,13,5
2011,9,49,15,3
2011,10,73,17,6
2011,11,91,25,6
2011,12,92,23,6
2011,13,100,26,4
2011,14,83,22,9
2011,15,63,20,7
2011,16,67,20,4
2011,17,54,17,3
2011,18,58,16,4
2011,19,48,12,3
2011,20,44,11,2
2011,21,37,9,2
2011,22,29,5,2
2011,23,29,6,2
2011,24,23,8,2
2011,25,26,9,2
2011,26,21,7,2
2011,27,21,9,2
2011,28,17,8,3
2011,29,16,6,2
2011,30,16,5,2
2011,31,19,6,2
2011,32,17,5,2
2011,33,18,5,3
2011,34,17,4,3
2011,35,19,4,3
2011,36,20,4,2
2011,37,21,5,3
2011,38,18,5,3
2011,39,21,6,4
2011,40,18,5,4
2011,41,24,6,2
2011,42,28,7,4
2011,43,25,5,2
2011,44,28,6,4
2011,45,24,6,4
2011,46,28,6,4
2011,47,21,5,4
2011,48,20,6,3
2011,49,20,7,4
2011,50,19,7,7
2011,51,17,6,5
2011,52,71,27,14
2012,1,72,30,12
2012,2,53,21,14
2012,3,55,18,12
2012,4,63,23,13
2012,5,63,19,21
2012,6,62,17,19
2012,7,66,22,18
2012,8,82,26,20
2012,9,82,26,11
2012,10,100,26,12
2012,11,84,25,9
2012,12,97,24,8
2012,13,70,18,8
2012,14,88,24,10
2012,15,86,22,10
2012,16,87,24,6
2012,17,65,18,5
2012,18,70,24,6
2012,19,75,18,5
2012,20,74,19,5
2012,21,71,21,6
2012,22,50,13,7
2012,23,59,15,6
2012,24,58,18,6
2012,25,46,16,6
2012,26,44,17,6
2012,27,36,11,6
2012,28,27,9,3
2012,29,35,13,6
2012,30,32,12,6
2012,31,38,9,6
2012,32,42,10,6
2012,33,46,10,9
2012,34,45,11,8
2012,35,38,11,8
2012,36,50,13,12
2012,37,45,11,20
2012,38,36,8,7
2012,39,39,8,9
2012,40,31,7,10
2012,41,36,9,9
2012,42,49,12,12
2012,43,47,11,15
2012,44,55,11,13
2012,45,47,10,14
2012,46,51,11,12
2012,47,44,11,11
2012,48,36,11,15
2012,49,30,9,20
2012,50,32,10,17
2012,51,37,14,30
2012,52,48,18,22
2013,1,17,6,7
2013,2,17,5,5
2013,3,23,7,5
2013,4,23,8,5
2013,5,25,8,5
2013,6,31,12,5
2013,7,44,14,6
2013,8,56,17,6
2013,9,56,16,5
2013,10,60,17,5
2013,11,66,17,3
2013,12,67,20,4
2013,13,85,27,6
2013,14,100,33,5
2013,15,90,32,4
2013,16,74,28,3
2013,17,58,23,3
2013,18,48,16,2
2013,19,49,17,2
2013,20,40,13,3
2013,21,27,10,2
2013,22,29,10,2
2013,23,28,10,2
2013,24,23,9,2
2013,25,17,8,2
2013,26,13,5,2
2013,27,12,5,2
2013,28,11,5,2
2013,29,9,3,2
2013,30,9,3,1
2013,31,11,4,2
2013,32,11,3,1
2013,33,12,3,1
2013,34,11,3,1
2013,35,10,3,3
2013,36,11,3,3
2013,37,11,3,2
2013,38,10,2,3
2013,39,11,2,2
2013,40,8,2,2
2013,41,11,3,2
2013,42,13,3,4
2013,43,12,3,3
2013,44,13,3,3
2013,45,15,4,6
2013,46,17,4,4
2013,47,14,3,4
2013,48,11,3,5
2013,49,10,3,5
2013,50,9,3,4
2013,51,10,4,7
2013,52,10,4,8
2014,1,8,3,7
2014,2,9,3,5
2014,3,11,3,4
2014,4,11,3,6
2014,5,12,4,6
2014,6,14,4,5
2014,7,17,5,3
2014,8,17,6,3
2014,9,17,6,3
2014,10,24,7,3
2014,11,33,10,4
2014,12,38,11,2
2014,13,47,15,4
2014,14,84,29,5
2014,15,78,29,5
2014,16,100,36,4
2014,17,99,33,7
2014,18,97,35,6
2014,19,75,27,3
2014,20,60,22,2
2014,21,45,13,2
2014,22,33,10,1
2014,23,28,10,2
2014,24,23,9,1
2014,25,21,7,2
2014,26,16,6,2
2014,27,12,5,1
2014,28,11,4,1
2014,29,12,4,1
2014,30,11,3,1
2014,31,12,4,1
2014,32,11,4,1
2014,33,9,3,2
2014,34,10,3,2
2014,35,11,3,2
2014,36,10,3,3
2014,37,10,3,2
2014,38,11,3,2
2014,39,10,3,2
2014,40,10,3,2
2014,41,11,3,6
2014,42,13,4,4
2014,43,13,3,5
2014,44,15,3,4
2014,45,14,3,4
2014,46,14,3,3
2014,47,12,3,4
2014,48,10,3,4
2014,49,10,3,5
2014,50,9,3,4
2014,51,9,3,6
2014,52,12,4,8
2015,1,6,2,3
2015,2,8,2,3
2015,3,9,3,3
2015,4,14,4,2
2015,5,19,5,3
2015,6,29,7,4
2015,7,31,9,4
2015,8,48,12,6
2015,9,67,16,9
2015,10,75,19,11
2015,11,86,21,11
2015,12,100,25,11
2015,13,85,22,10
2015,14,68,20,6
2015,15,92,25,8
2015,16,76,22,7
2015,17,68,19,4
2015,18,62,16,3
2015,19,45,13,2
2015,20,37,11,2
2015,21,30,10,1
2015,22,19,6,1
2015,23,18,5,1
2015,24,14,4,1
2015,25,9,3,1
2015,26,7,2,1
2015,27,5,1,1
2015,28,6,2,1
2015,29,5,1,1
2015,30,5,1,1
2015,31,5,1,1
2015,32,6,2,1
2015,33,5,1,1
2015,34,5,1,1
2015,35,5,1,1
2015,36,5,1,1
2015,37,5,1,1
2015,38,5,1,2
2015,39,5,1,2
2015,40,5,1,2
2015,41,5,1,2
2015,42,5,1,2
2015,43,6,1,1
2015,44,7,1,1
2015,45,8,2,2
2015,46,8,2,3
2015,47,10,2,5
2015,48,15,3,11
2015,49,19,4,20
2015,50,17,4,16
2015,51,16,4,11
2015,52,20,5,8
2015,53,31,9,9
2016,1,27,8,7
2016,2,29,7,7
2016,3,36,8,10
2016,4,42,9,19
2016,5,55,13,15
2016,6,88,17,13
2016,7,100,19,10
2016,8,86,18,7
2016,9,84,18,7
2016,10,72,16,5
2016,11,57,15,5
2016,12,62,16,5
2016,13,66,16,5
2016,14,50,13,5
2016,15,34,10,4
2016,16,28,7,3
2016,17,23,5,1
2016,18,20,4,2
2016,19,18,4,1
2016,20,14,3,1
2016,21,13,3,1
2016,22,10,2,1
2016,23,9,2,1
2016,24,7,2,1
2016,25,6,2,1
2016,26,5,1,1
2016,27,5,1,1
2016,28,4,1,1
2016,29,5,1,1
2016,30,6,1,1
2016,31,5,1,1
2016,32,5,1,1
2016,33,6,1,1
2016,34,6,1,2
2016,35,5,1,2
2016,36,6,2,3
2016,37,6,1,2
2016,38,5,1,2
2016,39,5,1,2
2016,40,5,1,2
2016,41,8,2,6
2016,42,8,2,3
2016,43,8,2,3
2016,44,9,2,4
2016,45,9,2,3
2016,46,9,2,4
2016,47,9,2,4
2016,48,7,2,4
2016,49,7,2,4
2016,50,6,2,4
2016,51,8,3,9
2016,52,61,19,48
2017,1,74,21,56
2017,2,61,16,37
2017,3,77,20,35
2017,4,85,24,38
2017,5,88,26,40
2017,6,100,27,46
2017,7,96,24,37
2017,8,76,22,27
2017,9,89,21,21
2017,10,95,21,20
2017,11,82,17,19
2017,12,82,19,18
2017,13,77,16,15
2017,14,49,14,17
2017,15,50,13,15
2017,16,47,11,10
2017,17,40,10,10
2017,18,43,9,10
2017,19,49,11,9
2017,20,44,9,10
2017,21,43,10,10
2017,22,39,9,10
2017,23,30,6,9
2017,24,34,9,9
2017,25,32,9,10
2017,26,20,6,7
2017,27,21,7,9
2017,28,18,5,7
2017,29,21,5,11
2017,30,23,6,9
2017,31,28,5,9
2017,32,29,7,10
2017,33,25,6,11
2017,34,32,8,14
2017,35,31,8,20
2017,36,40,12,28
2017,37,41,10,29
2017,38,43,11,21
2017,39,42,11,20
2017,40,36,11,27
2017,41,51,13,28
2017,42,73,13,29
2017,43,48,11,26
2017,44,55,11,22
2017,45,54,12,26
2017,46,50,13,23
2017,47,55,13,22
2017,48,40,12,27
2017,49,38,12,33
2017,50,36,13,44
2017,51,41,16,48
2017,52,48,18,40
2018,1,32,11,31
2018,2,52,13,100
2018,3,44,13,95
2018,4,34,10,53
2018,5,33,9,49
2018,6,28,9,28
2018,7,36,9,22
2018,8,33,8,20
2018,9,33,9,18
2018,10,34,8,20
2018,11,32,7,17
2018,12,26,8,16
2018,13,30,7,14
2018,14,32,8,14
2018,15,24,5,9
2018,16,24,6,10
2018,17,23,6,9
2018,18,23,5,9
2018,19,22,5,7
2018,20,18,5,5
2018,21,13,3,5
2018,22,15,3,4
2018,23,17,4,5
2018,24,16,5,6
2018,25,13,4,7
2018,26,13,4,7
2018,27,10,3,6
2018,28,11,3,9
2018,29,11,3,8
2018,30,12,3,8
2018,31,11,2,6
2018,32,12,3,5
2018,33,16,4,7
2018,34,14,3,9
2018,35,13,3,9
2018,36,16,3,9
2018,37,17,3,8
2018,38,17,4,15
2018,39,16,3,12
2018,40,14,3,9
2018,41,21,5,12
2018,42,20,4,12
2018,43,21,5,14
2018,44,27,5,14
2018,45,27,7,23
2018,46,23,5,15
2018,47,31,7,15
2018,48,23,6,19
2018,49,24,6,24
2018,50,25,8,40
2018,51,27,9,28
2018,52,29,9,29
2019,1,17,5,15
2019,2,17,5,13
2019,3,24,6,16
2019,4,33,8,15
2019,5,35,9,10
2019,6,46,10,9
2019,7,56,14,10
2019,8,51,14,10
2019,9,53,17,10
2019,10,56,17,11
2019,11,59,18,10
2019,12,74,22,11
2019,13,73,22,10
2019,14,66,21,8
2019,15,73,23,8
2019,16,99,30,10
2019,17,100,31,9
2019,18,98,29,9
2019,19,100,28,7
2019,20,90,27,6
2019,21,73,23,5
2019,22,52,17,3
2019,23,47,17,3
2019,24,48,15,5
2019,25,41,15,4
2019,26,29,9,4
2019,27,16,4,3
2019,28,14,4,3
2019,29,16,6,3
2019,30,13,4,3
2019,31,14,4,3
2019,32,16,4,4
2019,33,13,3,3
2019,34,12,3,4
2019,35,11,3,4
2019,36,15,5,9
2019,37,16,5,9
2019,38,12,3,4
2019,39,13,4,7
2019,40,11,3,6
2019,41,13,3,9
2019,42,15,4,6
2019,43,13,3,14
2019,44,15,4,11
2019,45,14,3,7
2019,46,15,4,7
2019,47,13,3,6
2019,48,13,3,7
2019,49,12,3,7
2019,50,13,4,11
2019,51,16,5,14
2019,52,19,6,13
2020,1,27,8,17
2020,2,37,10,17
2020,3,40,10,12
2020,4,47,11,15
2020,5,53,13,12
2020,6,68,17,11
2020,7,76,22,16
2020,8,68,19,8
2020,9,74,17,8
2020,10,96,22,9
2020,11,100,24,7
2020,12,81,17,4
2020,13,59,16,5
2020,14,58,11,4
2020,15,50,11,4
2020,16,45,10,4
2020,17,44,12,5
2020,18,39,8,3
2020,19,37,8,3
2020,20,32,7,3
2020,21,25,6,3
2020,22,22,5,3
2020,23,24,6,3
2020,24,23,7,4
2020,25,23,6,4
2020,26,17,4,3
2020,27,19,5,4
2020,28,16,5,4
2020,29,15,4,5
2020,30,14,4,5
2020,31,12,3,4
2020,32,17,3,5
2020,33,11,3,4
2020,34,9,2,4
2020,35,11,3,7
2020,36,11,3,11
2020,37,13,3,15
2020,38,16,2,8
2020,39,14,3,17
2020,40,11,2,14
2020,41,10,2,10
2020,42,11,2,7
2020,43,11,2,9
2020,44,10,2,5
2020,45,13,3,8
2020,46,11,3,8
2020,47,13,3,8
2020,48,13,4,12
2020,49,13,4,9
2020,50,13,4,13
2020,51,15,5,13
2020,52,18,7,14
2020,53,37,14,26
2021,1,34,12,27
2021,2,35,12,27
2021,3,38,14,28
2021,4,41,13,27
2021,5,46,14,15
2021,6,54,16,14
2021,7,65,19,16
2021,8,75,22,13
2021,9,79,26,13
2021,10,87,29,16
2021,11,99,32,20
2021,12,100,35,15
2021,13,94,29,11
2021,14,96,28,11
2021,15,95,26,8
2021,16,86,24,8
2021,17,80,21,8
2021,18,74,20,8
2021,19,60,17,7
2021,20,56,16,6
2021,21,51,15,7
2021,22,44,14,6
2021,23,35,10,6
2021,24,30,8,6
2021,25,21,6,5
2021,26,18,5,5
2021,27,18,6,6
2021,28,15,4,5
2021,29,13,4,5
2021,30,11,2,4
2021,31,13,3,5
2021,32,14,4,8
2021,33,18,4,10
2021,34,15,4,9
2021,35,14,3,12
2021,36,18,4,14
2021,37,18,5,16
2021,38,19,4,16
2021,39,15,3,11
2021,40,12,3,9
2021,41,17,2,9
2021,42,17,3,10
2021,43,16,4,12
2021,44,21,4,13
2021,45,18,4,13
2021,46,20,4,14
2021,47,20,5,18
2021,48,18,5,14
2021,49,20,7,21
2021,50,19,6,19
2021,51,22,8,21
2021,52,18,8,10
2022,1,20,8,8
2022,2,22,9,14
2022,3,17,6,13
2022,4,15,5,7
2022,5,16,5,8
2022,6,19,5,10
2022,7,20,5,10
2022,8,21,6,12
2022,9,28,7,8
2022,10,31,8,8
2022,11,40,11,7
2022,12,52,14,7
2022,13,59,17,7
2022,14,69,20,8
2022,15,79,22,7
2022,16,90,26,8
2022,17,91,26,6
2022,18,100,30,6
2022,19,68,19,3
2022,20,61,20,3
2022,21,46,18,3
2022,22,40,15,3
2022,23,31,11,2
2022,24,29,11,3
2022,25,26,9,3
2022,26,20,7,3
2022,27,16,6,4
2022,28,15,5,4
2022,29,13,4,4
2022,30,13,4,3
2022,31,11,3,3
2022,32,12,4,3
2022,33,11,3,3
2022,34,13,3,3
2022,35,11,3,4
2022,36,12,3,4
2022,37,13,4,3
2022,38,11,3,3
2022,39,10,3,4
2022,40,10,3,5
2022,41,12,3,6
2022,42,14,4,7
2022,43,10,3,6
2022,44,13,3,5
2022,45,13,4,7
2022,46,13,4,6
2022,47,11,4,6
2022,48,11,4,7
2022,49,14,5,11
2022,50,13,5,7
2022,51,17,6,10
2022,52,18,6,10
2023,1,19,5,9
2023,2,22,7,16
2023,3,24,8,17
2023,4,24,8,13
2023,5,29,9,12
2023,6,35,11,13
2023,7,40,13,11
2023,8,50,14,12
2023,9,53,17,11
2023,10,67,20,9
2023,11,79,26,12
2023,12,100,29,12
2023,13,80,24,7
2023,14,86,26,7
2023,15,73,22,6
2023,16,80,22,6
2023,17,71,23,7
2023,18,72,23,5
2023,19,58,18,4
2023,20,53,17,4
2023,21,34,10,3
2023,22,30,9,4
2023,23,27,8,8
2023,24,24,7,5
2023,25,22,7,4
2023,26,26,5,4
2023,27,16,4,4
2023,28,13,3,3
2023,29,14,4,4
2023,30,15,4,4
2023,31,13,3,4
2023,32,13,4,5
2023,33,16,4,6
2023,34,14,3,4
2023,35,12,3,8
2023,36,15,4,7
2023,37,15,4,12
2023,38,15,4,11
2023,39,17,5,7
2023,40,14,5,7
2023,41,16,5,6
2023,42,16,5,8
2023,43,15,4,9
2023,44,18,5,10
2023,45,17,5,15
2023,46,19,5,10
2023,47,20,5,8
2023,48,20,6,13
2023,49,20,7,11
2023,50,23,6,15
2023,51,28,8,17
2023,52,37,9,11
2024,1,8,2,3
2024,2,10,3,3
2024,3,14,4,2
2024,4,30,7,4
2024,5,55,13,11
2024,6,64,18,10
2024,7,76,18,9
2024,8,91,20,11
2024,9,92,20,12
2024,10,81,20,11
2024,11,87,19,11
2024,12,88,19,6
2024,13,98,21,9
2024,14,100,21,9
2024,15,95,19,7
2024,16,91,19,7
2024,17,90,18,8
2024,18,86,17,7
2024,19,79,14,5
2024,20,69,12,4
2024,21,48,8,1
2024,22,36,7,2
2024,23,30,6,1
2024,24,26,6,1
2024,25,20,4,1
2024,26,12,3,1
2024,27,9,2,1
2024,28,9,2,1
2024,29,8,2,1
2024,30,7,1,1
2024,31,7,1,1
2024,32,6,1,1
2024,33,7,2,1
2024,34,5,1,1
2024,35,6,1,1
2024,36,7,2,2
2024,37,5,1,1
2024,38,6,1,2
2024,39,5,1,1
2024,40,4,1,1
2024,41,5,1,1
2024,42,5,1,2
2024,43,5,1,1
2024,44,5,1,1
2024,45,6,1,2
2024,46,6,1,2
2024,47,6,1,2
2024,48,6,1,2
2024,49,7,1,2
2024,50,8,1,3
2024,51,8,2,3
2024,52,11,2,3
